source_geoid,target_geoid,land_area_m2,weight
09001,09120,363067865,0.22430228523486068
09001,09140,79334981,0.049012923623422994
09001,09190,1176251483,0.7266847911417164
09003,09110,1672684496,0.8787681934789388
09003,09140,68373839,0.035921152568182714
09003,09160,162383902,0.08531065395287853
09005,09140,307212756,0.1288564867241952
09005,09160,1875008961,0.7864486827846547
09005,09190,201924893,0.08469483049115004
09007,09130,956493755,1.0
09009,09140,614184540,0.39241315454037373
09009,09170,950963144,0.6075868454596263
09011,09130,141958558,0.08241369839791954
09011,09150,100924002,0.05859118590045856
09011,09180,1479629119,0.8589951157016219
09013,09110,988087364,0.9296955410554191
09013,09150,74720104,0.07030445894458091
09015,09150,1258929364,0.9476584145381649
09015,09180,69533872,0.052341585461835094
