source,path
base,analysis_results/zonal_statistics/counties/counties_ecosystem_services_20260910_130816.gpkg
coastline,analysis_results/zonal_statistics/counties/counties_coastline_length_20260910_130816.gpkg
freshwater,analysis_results/zonal_statistics/counties/counties_freshwater_area_20260910_130816.csv
grazing,analysis_inputs/ecosystem_services/grazing/SNAPPGrazingDataset_final_062326.xlsx
jobs,analysis_inputs/ecosystem_services/jobs/Finalized Flagged and Sorted Industry and County Codes.xlsx
timber,analysis_inputs/ecosystem_services/timber/total_valuation_all_regions_fvs.csv
air_quality,analysis_inputs/ecosystem_services/air_quality/snapp_air_quality.csv
marine_fisheries,analysis_inputs/ecosystem_services/marine_fisheries/NCPvalue_landings_marine_fish_noaa_2023_state.csv
inland_fisheries,analysis_inputs/ecosystem_services/inland_fisheries/Harvest_table_with_value.csv
urban_heat,analysis_inputs/ecosystem_services/urban_heat/HEAT_all_tracts_2021.csv
physical_health,analysis_inputs/ecosystem_services/physical_health/hypertension_linear_us_counties_all.gpkg
recreation,analysis_inputs/recreation/usa_nature_assessment_recreation__snapp_estimates.gpkg
